{
  "model_name": "tft_strategy_20250914_161046",
  "training_samples": 16,
  "test_samples": 4,
  "hyperparameters": {
    "hidden_dim": 320,
    "dropout": 0.26905703433344746,
    "learning_rate": 0.0030881546318852625
  },
  "training_history": {
    "train_loss": [
      17.715763092041016
    ],
    "val_loss": [
      18.33969497680664
    ],
    "placement_mse": [
      17.159523010253906
    ],
    "comp_type_acc": [
      0.5
    ],
    "risk_mse": [
      0.09056796133518219
    ]
  },
  "evaluation_metrics": {
    "placement_mse": 8.289231300354004,
    "comp_type_accuracy": 1.0,
    "risk_mse": 0.055059514939785004,
    "samples_evaluated": 4
  },
  "feature_count": 35,
  "training_completed": "2025-09-14T16:10:48.588927"
}